date;pm10;pm2.5;so2;co;o3;no2;max;critical component;category
01/01/2021;7;23;0;21;0;0;23;PM2.5;Baik
01/02/2021;7;23;0;21;0;0;23;PM2.5;Baik
01/03/2021;9;30;1;25;0;0;30;PM2.5;Baik
01/04/2021;10;34;0;22;0;0;34;PM2.5;Baik
01/05/2021;5;38;0;21;2;0;38;PM2.5;Baik
01/06/2021;23;62;1;25;18;0;62;PM2.5;Sedang
01/07/2021;22;58;1;29;21;0;58;PM2.5;Sedang
01/08/2021;20;55;2;28;1;0;55;PM2.5;Sedang
01/09/2021;16;51;1;24;0;0;51;PM2.5;Sedang
01/10/2021;8;26;0;21;0;0;26;PM2.5;Baik
01/11/2021;11;33;2;29;0;0;33;PM2.5;Baik
01/12/2021;9;28;5;26;1;0;28;PM2.5;Baik
01/13/2021;6;19;19;21;16;2;21;CO;Baik
01/14/2021;6;17;20;20;28;2;28;O3;Baik
01/15/2021;14;46;23;26;32;3;46;PM2.5;Baik
01/16/2021;17;54;22;23;33;3;54;PM2.5;Sedang
01/17/2021;18;55;24;27;30;4;55;PM2.5;Sedang
01/18/2021;16;52;25;22;14;4;52;PM2.5;Sedang
01/19/2021;19;56;27;25;32;5;56;PM2.5;Sedang
01/20/2021;25;63;24;26;33;5;63;PM2.5;Sedang
01/21/2021;18;54;24;26;30;4;54;PM2.5;Sedang
01/22/2021;17;54;23;27;43;5;54;PM2.5;Sedang
01/23/2021;25;64;23;26;48;4;64;PM2.5;Sedang
01/24/2021;34;77;24;28;42;7;77;PM2.5;Sedang
01/25/2021;32;78;22;24;26;5;78;PM2.5;Sedang
01/26/2021;26;69;22;25;34;5;69;PM2.5;Sedang
01/27/2021;10;34;20;21;38;3;38;O3;Baik
01/28/2021;5;17;18;19;38;3;38;O3;Baik
01/29/2021;13;44;20;27;40;4;44;PM2.5;Baik
01/30/2021;21;66;22;32;49;4;66;PM2.5;Sedang
01/31/2021;26;69;21;27;44;6;69;PM2.5;Sedang
02/01/2021;20;60;19;25;40;6;60;PM2.5;Sedang
02/02/2021;20;64;19;25;39;7;64;PM2.5;Sedang
02/03/2021;20;65;19;25;35;7;65;PM2.5;Sedang
02/04/2021;17;57;21;24;23;4;57;PM2.5;Sedang
02/05/2021;16;59;20;25;29;4;59;PM2.5;Sedang
02/06/2021;22;66;20;24;31;5;66;PM2.5;Sedang
02/07/2021;23;64;21;22;26;5;64;PM2.5;Sedang
02/08/2021;17;55;21;25;22;5;55;PM2.5;Sedang
02/09/2021;20;64;23;27;13;4;64;PM2.5;Sedang
02/10/2021;13;49;22;27;14;4;49;PM2.5;Baik
02/11/2021;13;49;27;34;23;4;49;PM2.5;Baik
02/12/2021;9;33;21;21;31;2;33;PM2.5;Baik
02/13/2021;8;31;19;20;40;3;40;O3;Baik
02/14/2021;17;55;22;24;36;3;55;PM2.5;Sedang
02/15/2021;23;66;19;25;37;5;66;PM2.5;Sedang
02/16/2021;24;71;22;26;21;4;71;PM2.5;Sedang
02/17/2021;23;68;22;25;27;3;68;PM2.5;Sedang
02/18/2021;24;67;23;29;41;2;67;PM2.5;Sedang
02/19/2021;16;53;22;28;60;3;60;O3;Sedang
02/20/2021;25;71;23;31;60;4;71;PM2.5;Sedang
02/21/2021;27;71;19;24;59;4;71;PM2.5;Sedang
02/22/2021;28;70;21;26;53;5;70;PM2.5;Sedang
02/23/2021;19;58;20;23;47;3;58;PM2.5;Sedang
02/24/2021;12;41;17;23;66;2;66;O3;Sedang
02/25/2021;19;56;20;20;50;4;56;PM2.5;Sedang
02/26/2021;25;58;22;8;18;4;58;PM2.5;Sedang
02/27/2021;15;52;25;11;20;5;52;PM2.5;Sedang
02/28/2021;12;44;18;11;37;6;44;PM2.5;Baik
03/01/2021;18;57;23;18;33;6;57;PM2.5;Sedang
03/02/2021;32;77;22;13;11;4;77;PM2.5;Sedang
03/03/2021;31;75;21;15;18;5;75;PM2.5;Sedang
03/04/2021;22;55;21;16;15;6;55;PM2.5;Sedang
03/05/2021;27;59;25;16;4;4;59;PM2.5;Sedang
03/06/2021;21;53;23;12;6;3;53;PM2.5;Sedang
03/07/2021;13;35;20;8;7;3;35;PM2.5;Baik
03/08/2021;9;25;18;8;3;3;25;PM2.5;Baik
03/09/2021;10;27;21;11;4;4;27;PM2.5;Baik
03/10/2021;13;36;19;14;10;6;36;PM2.5;Baik
03/11/2021;23;54;25;22;7;6;54;PM2.5;Sedang
03/12/2021;30;61;20;20;9;7;61;PM2.5;Sedang
03/13/2021;22;52;19;13;4;5;52;PM2.5;Sedang
03/14/2021;13;36;18;9;1;4;36;PM2.5;Baik
03/15/2021;13;36;18;10;1;4;36;PM2.5;Baik
03/16/2021;22;52;23;16;1;4;52;PM2.5;Sedang
03/17/2021;16;41;19;8;0;3;41;PM2.5;Baik
03/18/2021;15;39;21;12;0;2;39;PM2.5;Baik
03/19/2021;18;46;21;17;1;4;46;PM2.5;Baik
03/20/2021;14;36;17;8;1;3;36;PM2.5;Baik
03/21/2021;16;41;20;11;0;3;41;PM2.5;Baik
03/22/2021;13;33;18;6;0;3;33;PM2.5;Baik
03/23/2021;17;44;17;8;1;3;44;PM2.5;Baik
03/24/2021;15;39;18;7;1;3;39;PM2.5;Baik
03/25/2021;14;34;18;7;2;3;34;PM2.5;Baik
03/26/2021;13;34;18;8;2;3;34;PM2.5;Baik
03/27/2021;16;39;19;7;1;3;39;PM2.5;Baik
03/28/2021;16;39;16;11;1;4;39;PM2.5;Baik
03/29/2021;18;44;19;11;1;3;44;PM2.5;Baik
03/30/2021;12;30;19;10;1;3;30;PM2.5;Baik
03/31/2021;21;49;22;19;8;3;49;PM2.5;Baik
04/01/2021;35;14;19;12;8;3;35;PM10;Baik
04/02/2021;24;10;16;11;19;3;24;PM10;Baik
04/03/2021;47;20;20;17;15;4;47;PM10;Baik
04/04/2021;54;24;21;21;21;5;54;PM10;Sedang
04/05/2021;30;12;15;13;20;6;30;PM10;Baik
04/06/2021;52;23;23;22;19;7;52;PM10;Sedang
04/07/2021;46;19;20;15;15;5;46;PM10;Baik
04/08/2021;51;21;25;20;20;4;51;PM10;Sedang
04/09/2021;60;30;17;9;24;4;60;PM10;Sedang
04/10/2021;64;34;13;13;45;6;64;PM10;Sedang
04/11/2021;52;24;12;11;29;7;52;PM10;Sedang
04/12/2021;46;19;13;9;20;5;46;PM10;Baik
04/13/2021;47;19;18;13;18;3;47;PM10;Baik
04/14/2021;43;17;18;11;26;2;43;PM10;Baik
04/15/2021;36;15;17;10;30;3;36;PM10;Baik
04/16/2021;28;11;14;8;29;3;29;O3;Baik
04/17/2021;35;14;15;10;20;3;35;PM10;Baik
04/18/2021;47;20;14;7;16;4;47;PM10;Baik
04/19/2021;52;23;14;10;22;5;52;PM10;Sedang
04/20/2021;33;13;15;6;18;3;33;PM10;Baik
04/21/2021;33;13;14;9;33;3;33;PM10;Baik
04/22/2021;35;13;15;9;51;2;51;O3;Sedang
04/23/2021;34;13;14;8;NaN;2;34;PM10;Baik
04/24/2021;44;18;15;12;NaN;2;44;PM10;Baik
04/25/2021;43;17;15;11;38;3;43;PM10;Baik
04/26/2021;52;22;16;10;23;3;52;PM10;Sedang
04/27/2021;56;26;19;10;23;3;56;PM10;Sedang
04/28/2021;46;18;20;7;20;3;46;PM10;Baik
04/29/2021;52;22;17;13;31;4;52;PM10;Sedang
04/30/2021;53;22;17;13;NaN;4;53;PM10;Sedang
05/01/2021;27;57;17;9;50;5;57;PM2.5;Sedang
05/02/2021;34;64;19;7;49;7;64;PM2.5;Sedang
05/03/2021;24;54;14;9;39;6;54;PM2.5;Sedang
05/04/2021;29;60;14;9;36;5;60;PM2.5;Sedang
05/05/2021;28;58;16;8;47;6;58;PM2.5;Sedang
05/06/2021;25;56;18;10;NaN;5;56;PM2.5;Sedang
05/07/2021;17;45;20;6;NaN;3;45;PM2.5;Baik
05/08/2021;19;50;23;7;38;4;50;PM2.5;Baik
05/09/2021;20;50;20;13;38;6;50;PM2.5;Baik
05/10/2021;17;45;18;7;40;6;45;PM2.5;Baik
05/11/2021;20;52;20;9;59;4;59;O3;Sedang
05/12/2021;18;49;19;7;52;4;52;O3;Sedang
05/13/2021;23;55;20;5;54;5;55;PM2.5;Sedang
05/14/2021;23;55;16;8;39;5;55;PM2.5;Sedang
05/15/2021;21;53;16;6;20;5;53;PM2.5;Sedang
05/16/2021;17;46;18;5;20;6;46;PM2.5;Baik
05/17/2021;19;50;15;5;20;5;50;PM2.5;Baik
05/18/2021;22;54;19;6;30;4;54;PM2.5;Sedang
05/19/2021;22;53;15;8;NaN;4;53;PM2.5;Sedang
05/20/2021;26;57;16;12;NaN;5;57;PM2.5;Sedang
05/21/2021;29;59;19;16;45;4;59;PM2.5;Sedang
05/22/2021;20;50;15;10;42;3;50;PM2.5;Baik
05/23/2021;22;52;12;8;29;4;52;PM2.5;Sedang
05/24/2021;24;54;12;8;19;5;54;PM2.5;Sedang
05/25/2021;31;60;13;12;26;5;60;PM2.5;Sedang
05/26/2021;37;65;16;13;37;6;65;PM2.5;Sedang
05/27/2021;36;64;19;7;46;7;64;PM2.5;Sedang
05/28/2021;31;60;21;4;57;4;60;PM2.5;Sedang
05/29/2021;26;55;20;8;NaN;6;55;PM2.5;Sedang
05/30/2021;22;51;19;11;36;6;51;PM2.5;Sedang
05/31/2021;20;48;16;9;23;5;48;PM2.5;Baik
06/01/2021;24;53;21;10;30;5;53;PM2.5;Sedang
06/02/2021;28;56;16;11;32;5;56;PM2.5;Sedang
06/03/2021;40;65;15;13;20;7;65;PM2.5;Sedang
06/04/2021;46;70;51;10;16;6;70;PM2.5;Sedang
06/05/2021;51;74;63;13;NaN;7;74;PM2.5;Sedang
06/06/2021;36;61;NaN;9;NaN;6;61;PM2.5;Sedang
06/07/2021;27;54;NaN;9;NaN;6;54;PM2.5;Sedang
06/08/2021;24;50;NaN;12;NaN;5;50;PM2.5;Sedang
06/09/2021;17;38;NaN;4;NaN;4;38;PM2.5;Baik
06/10/2021;17;38;NaN;4;NaN;5;38;PM2.5;Baik
06/11/2021;19;50;NaN;6;NaN;7;50;PM2.5;Sedang
06/12/2021;2;41;NaN;6;NaN;7;41;PM2.5;Baik
06/13/2021;0;51;NaN;11;NaN;8;51;PM2.5;Sedang
06/14/2021;7;68;NaN;11;NaN;9;68;PM2.5;Sedang
06/15/2021;34;62;NaN;8;NaN;6;62;PM2.5;Sedang
06/16/2021;27;51;NaN;11;NaN;6;51;PM2.5;Sedang
06/17/2021;11;24;NaN;10;NaN;5;24;PM2.5;Baik
06/18/2021;24;47;NaN;21;NaN;8;47;PM2.5;Baik
06/19/2021;26;51;NaN;16;NaN;7;51;PM2.5;Sedang
06/20/2021;24;49;NaN;10;NaN;8;49;PM2.5;Baik
06/21/2021;29;53;NaN;14;NaN;9;53;PM2.5;Sedang
06/22/2021;21;43;NaN;16;NaN;6;43;PM2.5;Baik
06/23/2021;17;35;NaN;17;NaN;5;35;PM2.5;Baik
06/24/2021;25;49;NaN;16;NaN;5;49;PM2.5;Baik
06/25/2021;19;38;NaN;11;NaN;4;38;PM2.5;Baik
06/26/2021;21;43;NaN;7;NaN;5;43;PM2.5;Baik
06/27/2021;27;51;NaN;6;NaN;7;51;PM2.5;Sedang
06/28/2021;25;49;NaN;8;NaN;7;49;PM2.5;Baik
06/29/2021;19;39;NaN;13;NaN;5;39;PM2.5;Baik
06/30/2021;34;57;NaN;13;NaN;6;57;PM2.5;Sedang
07/01/2021;23;45;NaN;7;NaN;5;45;PM2.5;Baik
07/02/2021;29;53;NaN;10;NaN;5;53;PM2.5;Sedang
07/03/2021;29;54;NaN;9;NaN;5;54;PM2.5;Sedang
07/04/2021;26;52;NaN;6;NaN;5;52;PM2.5;Sedang
07/05/2021;NaN;NaN;NaN;NaN;NaN;NaN;NaN;NaN;NaN
07/06/2021;15;34;NaN;11;NaN;3;34;PM2.5;Baik
07/07/2021;19;40;NaN;11;NaN;4;40;PM2.5;Baik
07/08/2021;23;47;NaN;9;NaN;4;47;PM2.5;Baik
07/09/2021;25;50;NaN;11;NaN;3;50;PM2.5;Sedang
07/10/2021;19;39;NaN;6;NaN;3;39;PM2.5;Baik
07/11/2021;21;43;NaN;6;NaN;4;43;PM2.5;Baik
07/12/2021;21;44;NaN;6;NaN;4;44;PM2.5;Baik
07/13/2021;19;40;NaN;7;NaN;3;40;PM2.5;Baik
07/14/2021;16;36;NaN;6;NaN;3;36;PM2.5;Baik
07/15/2021;16;35;NaN;6;NaN;3;35;PM2.5;Baik
07/16/2021;16;36;NaN;7;NaN;3;36;PM2.5;Baik
07/17/2021;28;53;NaN;11;NaN;4;53;PM2.5;Sedang
07/18/2021;27;52;NaN;6;NaN;3;52;PM2.5;Sedang
07/19/2021;22;46;NaN;5;NaN;4;46;PM2.5;Baik
07/20/2021;30;55;NaN;7;NaN;4;55;PM2.5;Sedang
07/21/2021;27;53;NaN;3;NaN;4;53;PM2.5;Sedang
07/22/2021;23;49;NaN;5;NaN;3;49;PM2.5;Baik
07/23/2021;20;42;NaN;4;NaN;3;42;PM2.5;Baik
07/24/2021;13;29;NaN;3;NaN;3;29;PM2.5;Baik
07/25/2021;15;33;NaN;2;NaN;3;33;PM2.5;Baik
07/26/2021;24;48;NaN;6;NaN;4;48;PM2.5;Baik
07/27/2021;21;45;NaN;6;NaN;4;45;PM2.5;Baik
07/28/2021;18;38;NaN;3;NaN;4;38;PM2.5;Baik
07/29/2021;17;36;NaN;4;NaN;3;36;PM2.5;Baik
07/30/2021;19;42;NaN;4;NaN;3;42;PM2.5;Baik
07/31/2021;14;31;NaN;3;NaN;2;31;PM2.5;Baik
08/01/2021;10;23;NaN;1;NaN;3;23;PM2.5;Baik
08/02/2021;9;20;NaN;2;NaN;3;20;PM2.5;Baik
08/03/2021;7;16;NaN;5;NaN;2;16;PM2.5;Baik
08/04/2021;9;19;NaN;4;NaN;2;19;PM2.5;Baik
08/05/2021;17;36;NaN;4;NaN;3;36;PM2.5;Baik
08/06/2021;24;48;NaN;6;NaN;3;48;PM2.5;Baik
08/07/2021;29;54;NaN;2;NaN;2;54;PM2.5;Sedang
08/08/2021;40;63;NaN;3;NaN;4;63;PM2.5;Sedang
08/09/2021;32;56;NaN;5;NaN;4;56;PM2.5;Sedang
08/10/2021;21;43;NaN;6;NaN;3;43;PM2.5;Baik
08/11/2021;13;29;NaN;3;NaN;3;29;PM2.5;Baik
08/12/2021;18;38;NaN;3;NaN;3;38;PM2.5;Baik
08/13/2021;17;35;NaN;2;NaN;2;35;PM2.5;Baik
08/14/2021;18;36;NaN;1;NaN;2;36;PM2.5;Baik
08/15/2021;19;38;NaN;3;NaN;2;38;PM2.5;Baik
08/16/2021;19;38;NaN;3;NaN;3;38;PM2.5;Baik
08/17/2021;15;30;NaN;3;NaN;3;30;PM2.5;Baik
08/18/2021;16;33;NaN;1;NaN;3;33;PM2.5;Baik
08/19/2021;13;28;NaN;1;NaN;4;28;PM2.5;Baik
08/20/2021;10;22;NaN;2;NaN;3;22;PM2.5;Baik
08/21/2021;10;21;NaN;2;NaN;2;21;PM2.5;Baik
08/22/2021;10;21;NaN;0;NaN;2;21;PM2.5;Baik
08/23/2021;14;28;NaN;2;NaN;3;28;PM2.5;Baik
08/24/2021;16;31;NaN;3;NaN;3;31;PM2.5;Baik
08/25/2021;12;24;NaN;4;NaN;3;24;PM2.5;Baik
08/26/2021;11;23;NaN;6;NaN;3;23;PM2.5;Baik
08/27/2021;13;26;NaN;7;NaN;3;26;PM2.5;Baik
08/28/2021;12;25;NaN;8;NaN;3;25;PM2.5;Baik
08/29/2021;19;38;NaN;11;NaN;3;38;PM2.5;Baik
08/30/2021;14;28;NaN;7;NaN;3;28;PM2.5;Baik
08/31/2021;15;29;NaN;9;NaN;4;29;PM2.5;Baik
09/01/2021;18;33;0;7;3;4;33;PM2.5;Baik
09/02/2021;10;22;NaN;8;NaN;3;22;PM2.5;Baik
09/03/2021;8;18;NaN;6;NaN;3;18;PM2.5;Baik
09/04/2021;13;27;NaN;9;NaN;3;27;PM2.5;Baik
09/05/2021;13;27;NaN;8;NaN;3;27;PM2.5;Baik
09/06/2021;19;38;NaN;9;NaN;4;38;PM2.5;Baik
09/07/2021;20;39;NaN;9;NaN;2;39;PM2.5;Baik
09/08/2021;12;24;NaN;6;NaN;2;24;PM2.5;Baik
09/09/2021;11;23;NaN;8;NaN;3;23;PM2.5;Baik
09/10/2021;16;31;55;8;NaN;6;55;SO2;Sedang
09/11/2021;15;29;40;7;7;7;40;SO2;Baik
09/12/2021;15;28;57;8;40;6;57;SO2;Sedang
09/13/2021;17;29;54;12;44;6;54;SO2;Sedang
09/14/2021;20;36;7;10;7;5;36;PM2.5;Baik
09/15/2021;12;21;0;9;2;5;21;PM2.5;Baik
09/16/2021;13;25;5;10;20;6;25;PM2.5;Baik
09/17/2021;16;31;1;9;3;5;31;PM2.5;Baik
09/18/2021;19;36;1;10;9;5;36;PM2.5;Baik
09/19/2021;16;30;3;9;23;6;30;PM2.5;Baik
09/20/2021;10;20;2;5;20;6;20;O3;Baik
09/21/2021;12;24;0;6;3;5;24;PM2.5;Baik
09/22/2021;18;31;1;12;9;5;31;PM2.5;Baik
09/23/2021;20;36;5;10;23;7;36;PM2.5;Baik
09/24/2021;19;35;2;8;20;7;35;PM2.5;Baik
09/25/2021;22;40;0;9;3;6;40;PM2.5;Baik
09/26/2021;20;37;0;8;6;7;37;PM2.5;Baik
09/27/2021;14;25;1;8;17;7;25;PM2.5;Baik
09/28/2021;11;21;0;5;2;5;21;PM2.5;Baik
09/29/2021;15;27;0;6;0;5;27;PM2.5;Baik
09/30/2021;18;33;0;7;3;4;33;PM2.5;Baik
10/01/2021;15;27;1;7;12;4;27;PM2.5;Baik
10/02/2021;16;29;8;7;34;3;34;O3;Baik
10/03/2021;10;19;22;4;63;4;63;O3;Sedang
10/04/2021;10;20;24;6;68;5;68;O3;Sedang
10/05/2021;15;27;4;9;13;4;27;PM2.5;Baik
10/06/2021;9;17;3;6;19;4;19;O3;Baik
10/07/2021;8;15;6;8;35;6;35;O3;Baik
10/08/2021;12;22;1;7;9;5;22;PM2.5;Baik
10/09/2021;12;23;0;5;6;4;23;PM2.5;Baik
10/10/2021;12;23;8;5;35;4;35;O3;Baik
10/11/2021;12;22;21;5;52;5;52;O3;Sedang
10/12/2021;13;24;6;6;12;4;24;PM2.5;Baik
10/13/2021;10;19;4;5;19;4;19;PM2.5;Baik
10/14/2021;10;20;3;5;15;4;20;PM2.5;Baik
10/15/2021;14;26;11;7;38;5;38;O3;Baik
10/16/2021;14;27;7;7;25;4;27;PM2.5;Baik
10/17/2021;16;29;18;9;56;5;56;O3;Sedang
10/18/2021;21;37;21;8;59;6;59;O3;Sedang
10/19/2021;20;33;15;13;18;7;33;PM2.5;Baik
10/20/2021;19;32;1;9;7;4;32;PM2.5;Baik
10/21/2021;14;24;0;8;2;4;24;PM2.5;Baik
10/22/2021;11;20;0;6;0;3;20;PM2.5;Baik
10/23/2021;10;19;0;6;3;5;19;PM2.5;Baik
10/24/2021;11;20;0;5;4;5;20;PM2.5;Baik
10/25/2021;12;21;0;7;5;5;21;PM2.5;Baik
10/26/2021;13;23;0;7;0;4;23;PM2.5;Baik
10/27/2021;13;22;0;9;0;4;22;PM2.5;Baik
10/28/2021;13;23;0;15;9;6;23;PM2.5;Baik
10/29/2021;14;24;0;12;1;4;24;PM2.5;Baik
10/30/2021;16;29;0;16;0;0;29;PM2.5;Baik
10/31/2021;16;29;0;16;0;0;29;PM2.5;Baik
11/01/2021;16;28;0;17;0;1;28;PM2.5;Baik
11/02/2021;20;34;0;25;0;6;34;PM2.5;Baik
11/03/2021;14;24;0;15;0;7;24;PM2.5;Baik
11/04/2021;14;22;0;15;0;6;22;PM2.5;Baik
11/05/2021;14;23;0;12;0;5;23;PM2.5;Baik
11/06/2021;16;26;0;11;0;5;26;PM2.5;Baik
11/07/2021;15;26;0;10;1;7;26;PM2.5;Baik
11/08/2021;16;27;0;17;1;9;27;PM2.5;Baik
11/09/2021;12;21;NaN;8;12;5;21;PM2.5;Baik
11/10/2021;7;14;20;5;25;5;25;O3;Baik
11/11/2021;4;10;4;14;55;3;55;O3;Sedang
11/12/2021;8;17;0;21;71;5;71;O3;Sedang
11/13/2021;3;6;1;26;61;5;61;O3;Sedang
11/14/2021;8;15;10;19;34;4;34;O3;Baik
11/15/2021;7;14;7;19;32;3;32;O3;Baik
11/16/2021;11;20;3;23;29;2;29;O3;Baik
11/17/2021;8;15;0;21;39;2;39;O3;Baik
11/18/2021;8;17;0;19;41;2;41;O3;Baik
11/19/2021;9;17;0;19;40;2;40;O3;Baik
11/20/2021;NaN;NaN;NaN;NaN;NaN;NaN;NaN;NaN;NaN
11/21/2021;18;36;NaN;24;23;2;36;PM2.5;Baik
11/22/2021;32;52;0;21;25;2;52;PM2.5;Sedang
11/23/2021;18;33;9;25;17;1;33;PM2.5;Baik
11/24/2021;11;22;43;20;22;1;43;SO2;Baik
11/25/2021;10;22;41;16;35;1;41;SO2;Baik
11/26/2021;9;20;32;15;44;1;44;O3;Baik
11/27/2021;7;16;41;20;35;1;41;SO2;Baik
11/28/2021;8;17;46;21;27;1;46;SO2;Baik
11/29/2021;15;29;48;23;23;1;48;SO2;Baik
11/30/2021;42;51;29;20;31;0;51;PM2.5;Sedang
12/01/2021;18;29;22;16;43;0;43;O3;Baik
12/02/2021;41;21;24;17;39;0;41;PM10;Baik
12/03/2021;24;19;20;16;40;0;40;O3;Baik
12/04/2021;NaN;NaN;NaN;NaN;NaN;NaN;NaN;NaN;NaN
12/05/2021;NaN;NaN;NaN;NaN;NaN;NaN;NaN;NaN;NaN
12/06/2021;NaN;NaN;NaN;NaN;NaN;NaN;NaN;NaN;NaN
12/07/2021;19;0;14;16;33;0;33;O3;Baik
12/08/2021;24;0;22;19;26;1;26;O3;Baik
12/09/2021;22;0;13;15;27;1;27;O3;Baik
12/10/2021;18;0;9;19;8;2;19;CO;Baik
12/11/2021;17;0;7;20;6;1;20;CO;Baik
12/12/2021;17;0;1;15;10;1;17;PM10;Baik
12/13/2021;17;0;3;16;5;1;17;PM10;Baik
12/14/2021;17;0;4;19;2;2;19;CO;Baik
12/15/2021;17;0;7;19;1;2;19;CO;Baik
12/16/2021;17;0;9;22;1;2;22;CO;Baik
12/17/2021;11;0;13;20;5;8;20;CO;Baik
12/18/2021;11;0;13;20;9;10;20;CO;Baik
12/19/2021;13;0;22;24;4;10;24;CO;Baik
12/20/2021;13;0;18;22;3;12;22;CO;Baik
12/21/2021;23;0;18;24;3;11;24;CO;Baik
12/22/2021;43;0;16;22;1;10;43;PM10;Baik
12/23/2021;21;0;9;19;3;11;21;PM10;Baik
12/24/2021;12;0;9;18;5;11;18;CO;Baik
12/25/2021;13;0;19;25;3;11;25;CO;Baik
12/26/2021;14;0;10;18;3;11;18;CO;Baik
12/27/2021;23;0;9;17;2;11;23;PM10;Baik
12/28/2021;16;0;12;19;1;11;19;CO;Baik
12/29/2021;25;0;9;20;1;10;25;PM10;Baik
12/30/2021;10;0;10;20;2;11;20;CO;Baik
12/31/2021;13;0;9;20;2;10;20;CO;Baik
01/01/2022;16;0;8;18;1;11;18;CO;Baik
01/02/2022;10;0;8;16;1;11;16;CO;Baik
01/03/2022;11;0;9;17;1;11;17;CO;Baik
01/04/2022;19;0;9;19;1;10;19;PM10;Baik
01/05/2022;NaN;NaN;NaN;NaN;NaN;NaN;NaN;NaN;NaN
01/06/2022;0;0;0;14;0;6;14;CO;Baik
01/07/2022;0;0;9;8;0;6;9;SO2;Baik
01/08/2022;0;0;29;8;0;8;29;SO2;Baik
01/09/2022;0;0;19;15;0;10;19;SO2;Baik
01/10/2022;0;0;17;18;0;12;18;CO;Baik
01/11/2022;0;0;13;17;0;12;17;CO;Baik
01/12/2022;0;0;13;20;0;11;20;CO;Baik
01/13/2022;6;0;15;22;0;12;22;CO;Baik
01/14/2022;24;0;19;24;0;13;24;PM10;Baik
01/15/2022;28;0;10;20;0;12;28;PM10;Baik
01/16/2022;33;0;15;23;0;14;33;PM10;Baik
01/17/2022;33;0;15;22;1;14;33;PM10;Baik
01/18/2022;25;0;15;22;3;14;25;PM10;Baik
01/19/2022;29;0;8;19;6;13;29;PM10;Baik
01/20/2022;25;2;10;19;8;14;25;PM10;Baik
01/21/2022;11;13;13;21;6;13;21;CO;Baik
01/22/2022;8;14;7;18;5;10;18;CO;Baik
01/23/2022;9;15;4;16;3;11;16;CO;Baik
01/24/2022;8;13;5;15;5;10;15;CO;Baik
01/25/2022;10;19;4;15;8;10;19;PM2.5;Baik
01/26/2022;14;28;5;18;8;10;28;PM2.5;Baik
01/27/2022;16;31;9;22;3;11;31;PM2.5;Baik
01/28/2022;14;27;8;20;3;11;27;PM2.5;Baik
01/29/2022;18;37;6;19;2;11;37;PM2.5;Baik
01/30/2022;24;50;5;19;3;13;50;PM2.5;Sedang
01/31/2022;17;34;7;18;2;12;34;PM2.5;Baik
02/01/2022;28;54;6;20;2;11;54;PM2.5;Sedang
02/02/2022;NaN;NaN;NaN;NaN;NaN;NaN;NaN;NaN;NaN
02/03/2022;NaN;NaN;NaN;NaN;NaN;NaN;NaN;NaN;NaN
02/04/2022;NaN;NaN;NaN;NaN;NaN;NaN;NaN;NaN;NaN
02/05/2022;NaN;NaN;NaN;NaN;NaN;NaN;NaN;NaN;NaN
02/06/2022;NaN;NaN;NaN;NaN;NaN;NaN;NaN;NaN;NaN
02/07/2022;NaN;NaN;NaN;NaN;NaN;NaN;NaN;NaN;NaN
02/08/2022;NaN;NaN;NaN;NaN;NaN;NaN;NaN;NaN;NaN
02/09/2022;NaN;NaN;NaN;NaN;NaN;NaN;NaN;NaN;NaN
02/10/2022;NaN;NaN;NaN;NaN;NaN;NaN;NaN;NaN;NaN
02/11/2022;NaN;NaN;NaN;NaN;NaN;NaN;NaN;NaN;NaN
02/12/2022;NaN;NaN;NaN;NaN;NaN;NaN;NaN;NaN;NaN
02/13/2022;NaN;NaN;NaN;NaN;NaN;NaN;NaN;NaN;NaN
02/14/2022;NaN;NaN;NaN;NaN;NaN;NaN;NaN;NaN;NaN
02/15/2022;5;11;0;38;NaN;27;38;CO;Baik
02/16/2022;5;11;1;38;NaN;26;38;CO;Baik
02/17/2022;10;23;14;22;24;7;24;O3;Baik
02/18/2022;9;34;22;22;21;3;34;PM2.5;Baik
02/19/2022;10;46;18;21;22;2;46;PM2.5;Baik
02/20/2022;12;54;23;24;20;4;54;PM2.5;Sedang
02/21/2022;9;45;23;22;19;4;45;PM2.5;Baik
02/22/2022;10;48;18;21;21;2;48;PM2.5;Baik
02/23/2022;11;51;24;24;15;2;51;PM2.5;Sedang
02/24/2022;7;31;12;17;21;2;31;PM2.5;Baik
02/25/2022;6;24;11;16;24;2;24;O3;Baik
02/26/2022;5;18;12;17;25;2;25;O3;Baik
02/27/2022;7;26;15;19;23;2;26;PM2.5;Baik
02/28/2022;10;39;17;20;19;2;39;PM2.5;Baik
03/01/2022;7;29;15;17;18;2;29;PM2.5;Baik
03/02/2022;5;19;9;14;22;2;22;O3;Baik
03/03/2022;4;13;10;16;23;2;23;O3;Baik
03/04/2022;5;19;16;19;20;2;20;O3;Baik
03/05/2022;7;29;16;21;16;2;29;PM2.5;Baik
03/06/2022;5;17;13;17;17;2;17;PM2.5;Baik
03/07/2022;3;11;15;17;17;2;17;O3;Baik
03/08/2022;5;21;24;22;11;2;24;SO2;Baik
03/09/2022;5;21;19;20;13;2;21;PM2.5;Baik
03/10/2022;4;13;17;19;16;2;19;CO;Baik
03/11/2022;5;19;20;22;15;2;22;CO;Baik
03/12/2022;8;35;23;25;12;2;35;PM2.5;Baik
03/13/2022;10;43;24;24;11;2;43;PM2.5;Baik
03/14/2022;12;49;21;22;10;3;49;PM2.5;Baik
03/15/2022;6;23;18;19;12;2;23;PM2.5;Baik
03/16/2022;6;23;25;24;11;2;25;SO2;Baik
03/17/2022;NaN;NaN;NaN;NaN;NaN;NaN;NaN;NaN;NaN
03/18/2022;NaN;NaN;NaN;NaN;NaN;NaN;NaN;NaN;NaN
03/19/2022;8;36;23;24;10;3;36;PM2.5;Baik
03/20/2022;5;20;13;17;13;2;20;PM2.5;Baik
03/21/2022;4;17;14;16;14;2;17;PM2.5;Baik
03/22/2022;8;36;28;26;8;3;36;PM2.5;Baik
03/23/2022;8;38;19;22;8;3;38;PM2.5;Baik
03/24/2022;9;43;18;21;9;2;43;PM2.5;Baik
03/25/2022;9;44;28;27;6;3;44;PM2.5;Baik
03/26/2022;13;56;30;29;6;4;56;PM2.5;Sedang
03/27/2022;9;39;18;21;9;3;39;PM2.5;Baik
03/28/2022;13;54;21;23;7;3;54;PM2.5;Sedang
03/29/2022;11;48;20;24;7;3;48;PM2.5;Baik
03/30/2022;14;65;24;25;5;3;65;PM2.5;Sedang
03/31/2022;9;54;22;24;7;2;54;PM2.5;Sedang
04/01/2022;8;47;15;20;10;3;47;PM2.5;Baik
04/02/2022;7;46;22;25;8;3;46;PM2.5;Baik
04/03/2022;9;54;28;27;5;2;54;PM2.5;Sedang
04/04/2022;6;36;20;22;8;2;36;PM2.5;Baik
04/05/2022;4;24;15;19;11;2;24;PM2.5;Baik
04/06/2022;4;20;16;19;11;2;20;PM2.5;Baik
04/07/2022;6;33;21;22;7;2;33;PM2.5;Baik
04/08/2022;6;38;22;22;5;2;38;PM2.5;Baik
04/09/2022;6;38;21;21;4;2;38;PM2.5;Baik
04/10/2022;8;50;26;23;2;2;50;PM2.5;Baik
04/11/2022;8;49;39;30;1;2;49;PM2.5;Baik
04/12/2022;9;54;23;24;3;2;54;PM2.5;Sedang
04/13/2022;12;58;20;23;4;3;58;PM2.5;Sedang
04/14/2022;12;58;15;21;7;2;58;PM2.5;Sedang
04/15/2022;14;63;14;20;9;2;63;PM2.5;Sedang
04/16/2022;16;69;17;22;7;3;69;PM2.5;Sedang
04/17/2022;17;72;33;29;4;4;72;PM2.5;Sedang
04/18/2022;13;61;24;23;3;3;61;PM2.5;Sedang
04/19/2022;10;54;23;23;3;3;54;PM2.5;Sedang
04/20/2022;10;54;17;21;5;2;54;PM2.5;Sedang
04/21/2022;9;52;17;21;6;2;52;PM2.5;Sedang
04/22/2022;NaN;NaN;NaN;NaN;NaN;NaN;NaN;NaN;NaN
04/23/2022;15;65;28;28;3;3;65;PM2.5;Sedang
04/24/2022;14;64;25;26;3;3;64;PM2.5;Sedang
04/25/2022;9;49;26;25;3;3;49;PM2.5;Baik
04/26/2022;15;63;26;25;2;3;63;PM2.5;Sedang
04/27/2022;38;76;39;33;2;3;76;PM2.5;Sedang
04/28/2022;37;70;25;25;2;3;70;PM2.5;Sedang
04/29/2022;37;70;22;25;3;3;70;PM2.5;Sedang
04/30/2022;29;62;21;23;2;3;62;PM2.5;Sedang
05/01/2022;29;62;28;26;2;4;62;PM2.5;Sedang
05/02/2022;25;57;21;23;3;2;57;PM2.5;Sedang
05/03/2022;24;56;15;19;3;2;56;PM2.5;Sedang
05/04/2022;15;40;13;17;4;2;40;PM2.5;Baik
05/05/2022;21;52;13;19;3;2;52;PM2.5;Sedang
05/06/2022;29;61;22;26;2;3;61;PM2.5;Sedang
05/07/2022;25;57;29;30;1;3;57;PM2.5;Sedang
05/08/2022;22;53;25;25;1;3;53;PM2.5;Sedang
05/09/2022;22;53;24;24;1;3;53;PM2.5;Sedang
05/10/2022;24;55;27;27;1;3;55;PM2.5;Sedang
05/11/2022;39;72;24;25;1;3;72;PM2.5;Sedang
05/12/2022;27;59;16;20;2;3;59;PM2.5;Sedang
05/13/2022;17;45;12;18;3;2;45;PM2.5;Baik
05/14/2022;14;37;12;20;3;2;37;PM2.5;Baik
05/15/2022;20;52;16;19;3;2;52;PM2.5;Sedang
05/16/2022;22;54;24;18;8;2;54;PM2.5;Sedang
05/17/2022;19;52;25;17;7;2;52;PM2.5;Sedang
05/18/2022;27;64;32;23;3;2;64;PM2.5;Sedang
05/19/2022;21;56;19;23;1;5;56;PM2.5;Sedang
05/20/2022;18;52;0;22;0;5;52;PM2.5;Sedang
05/21/2022;13;43;0;19;0;3;43;PM2.5;Baik
05/22/2022;16;50;0;20;1;3;50;PM2.5;Baik
05/23/2022;24;61;0;24;1;4;61;PM2.5;Sedang
05/24/2022;36;76;0;24;2;3;76;PM2.5;Sedang
05/25/2022;25;61;0;23;2;4;61;PM2.5;Sedang
05/26/2022;29;67;0;25;1;5;67;PM2.5;Sedang
05/27/2022;14;43;0;22;1;3;43;PM2.5;Baik
05/28/2022;17;49;0;23;0;0;49;PM2.5;Baik
05/29/2022;28;66;0;23;0;0;66;PM2.5;Sedang
05/30/2022;30;69;0;24;1;1;69;PM2.5;Sedang
05/31/2022;31;70;0;24;7;2;70;PM2.5;Sedang
06/01/2022;15;43;0;18;14;2;43;PM2.5;Baik
06/02/2022;16;50;0;25;9;3;50;PM2.5;Baik
06/03/2022;11;34;0;21;7;3;34;PM2.5;Baik
06/04/2022;18;52;0;30;3;3;52;PM2.5;Sedang
06/05/2022;18;53;0;22;2;3;53;PM2.5;Sedang
06/06/2022;27;66;0;25;2;4;66;PM2.5;Sedang
06/07/2022;32;71;0;29;1;3;71;PM2.5;Sedang
06/08/2022;41;84;0;26;3;5;84;PM2.5;Sedang
06/09/2022;19;55;0;23;3;5;55;PM2.5;Sedang
06/10/2022;36;77;0;24;4;4;77;PM2.5;Sedang
06/11/2022;36;77;0;25;5;5;77;PM2.5;Sedang
06/12/2022;26;63;0;24;2;5;63;PM2.5;Sedang
06/13/2022;23;60;0;25;0;5;60;PM2.5;Sedang
06/14/2022;23;60;0;25;0;4;60;PM2.5;Sedang
06/15/2022;29;68;0;31;0;4;68;PM2.5;Sedang
06/16/2022;35;75;0;22;0;3;75;PM2.5;Sedang
06/17/2022;30;68;0;26;0;3;68;PM2.5;Sedang
06/18/2022;21;57;0;23;0;3;57;PM2.5;Sedang
06/19/2022;20;56;0;24;0;4;56;PM2.5;Sedang
06/20/2022;25;63;0;22;0;4;63;PM2.5;Sedang
06/21/2022;25;62;0;24;0;3;62;PM2.5;Sedang
06/22/2022;18;57;2;20;0;3;57;PM2.5;Sedang
06/23/2022;13;69;9;21;0;3;69;PM2.5;Sedang
06/24/2022;19;23;9;19;0;4;23;PM2.5;Baik
06/25/2022;22;27;9;20;0;4;27;PM2.5;Baik
06/26/2022;25;29;13;22;0;4;29;PM2.5;Baik
06/27/2022;18;22;12;20;0;4;22;PM2.5;Baik
06/28/2022;10;13;6;17;0;3;17;CO;Baik
06/29/2022;17;21;8;20;0;4;21;PM2.5;Baik
06/30/2022;19;24;9;20;0;4;24;PM2.5;Baik
07/01/2022;28;35;14;23;0;5;35;PM2.5;Baik
07/02/2022;22;26;11;21;0;3;26;PM2.5;Baik
07/03/2022;18;22;8;18;0;3;22;PM2.5;Baik
07/04/2022;30;36;12;21;0;4;36;PM2.5;Baik
07/05/2022;46;52;5;24;0;5;52;PM2.5;Sedang
07/06/2022;43;72;0;23;0;4;72;PM2.5;Sedang
07/07/2022;21;55;0;22;0;4;55;PM2.5;Sedang
07/08/2022;10;30;0;18;0;4;30;PM2.5;Baik
07/09/2022;12;35;0;18;0;4;35;PM2.5;Baik
07/10/2022;20;53;0;18;0;3;53;PM2.5;Sedang
07/11/2022;35;70;0;23;0;4;70;PM2.5;Sedang
07/12/2022;32;66;0;23;0;3;66;PM2.5;Sedang
07/13/2022;26;61;0;21;0;3;61;PM2.5;Sedang
07/14/2022;24;58;0;22;0;4;58;PM2.5;Sedang
07/15/2022;23;57;0;20;0;3;57;PM2.5;Sedang
07/16/2022;26;60;0;22;0;4;60;PM2.5;Sedang
07/17/2022;22;55;0;20;0;4;55;PM2.5;Sedang
07/18/2022;29;64;0;20;0;4;64;PM2.5;Sedang
07/19/2022;21;55;0;20;0;4;55;PM2.5;Sedang
07/20/2022;33;68;0;22;0;3;68;PM2.5;Sedang
07/21/2022;26;60;0;20;0;4;60;PM2.5;Sedang
07/22/2022;20;54;0;20;0;5;54;PM2.5;Sedang
07/23/2022;22;55;0;21;0;4;55;PM2.5;Sedang
07/24/2022;13;37;0;15;0;3;37;PM2.5;Baik
07/25/2022;15;43;0;18;0;4;43;PM2.5;Baik
07/26/2022;22;55;0;20;0;4;55;PM2.5;Sedang
07/27/2022;36;72;0;22;0;5;72;PM2.5;Sedang
07/28/2022;38;73;0;23;0;5;73;PM2.5;Sedang
07/29/2022;42;79;0;24;0;5;79;PM2.5;Sedang
07/30/2022;40;75;0;20;0;4;75;PM2.5;Sedang
07/31/2022;35;70;0;19;0;5;70;PM2.5;Sedang
08/01/2022;50;89;0;23;0;5;89;PM2.5;Sedang
08/02/2022;45;82;0;22;0;6;82;PM2.5;Sedang
08/03/2022;42;79;0;23;0;5;79;PM2.5;Sedang
08/04/2022;25;58;0;19;0;3;58;PM2.5;Sedang
08/05/2022;17;49;0;18;0;3;49;PM2.5;Baik
08/06/2022;17;49;0;19;0;3;49;PM2.5;Baik
08/07/2022;9;26;0;16;0;2;26;PM2.5;Baik
08/08/2022;12;36;0;18;0;3;36;PM2.5;Baik
08/09/2022;NaN;NaN;NaN;NaN;NaN;NaN;NaN;NaN;NaN
08/10/2022;11;33;7;17;0;2;33;PM2.5;Baik
08/11/2022;15;43;10;19;0;3;43;PM2.5;Baik
08/12/2022;15;45;11;20;0;3;45;PM2.5;Baik
08/13/2022;19;52;4;19;0;3;52;PM2.5;Sedang
08/14/2022;20;53;0;20;0;3;53;PM2.5;Sedang
08/15/2022;32;68;0;24;0;4;68;PM2.5;Sedang
08/16/2022;35;72;0;25;0;3;72;PM2.5;Sedang
08/17/2022;20;53;0;21;0;3;53;PM2.5;Sedang
08/18/2022;13;38;0;18;0;4;38;PM2.5;Baik
08/19/2022;17;48;2;19;0;4;48;PM2.5;Baik
08/20/2022;17;49;0;18;0;3;49;PM2.5;Baik
08/21/2022;19;53;0;16;0;4;53;PM2.5;Sedang
08/22/2022;26;60;0;20;0;4;60;PM2.5;Sedang
08/23/2022;23;57;0;21;0;4;57;PM2.5;Sedang
08/24/2022;25;60;0;21;0;5;60;PM2.5;Sedang
08/25/2022;18;50;1;19;0;5;50;PM2.5;Baik
08/26/2022;23;58;7;19;1;6;58;PM2.5;Sedang
08/27/2022;21;57;NaN;9;15;6;57;PM2.5;Sedang
08/28/2022;13;39;5;10;28;5;39;PM2.5;Baik
08/29/2022;15;45;7;12;14;4;45;PM2.5;Baik
08/30/2022;16;47;10;14;16;4;47;PM2.5;Baik
08/31/2022;17;49;13;16;18;3;49;PM2.5;Baik
09/01/2022;19;53;17;18;17;3;53;PM2.5;Sedang
09/02/2022;22;56;15;14;23;3;56;PM2.5;Sedang
09/03/2022;20;54;12;11;27;3;54;PM2.5;Sedang
09/04/2022;16;49;12;12;25;2;49;PM2.5;Baik
09/05/2022;19;52;12;12;26;3;52;PM2.5;Sedang
09/06/2022;21;55;14;14;28;3;55;PM2.5;Sedang
09/07/2022;25;60;14;15;22;2;60;PM2.5;Sedang
09/08/2022;19;53;7;9;13;0;53;PM2.5;Sedang
09/09/2022;22;56;20;16;8;0;56;PM2.5;Sedang
09/10/2022;20;53;21;12;7;0;53;PM2.5;Sedang
09/11/2022;13;39;21;9;6;0;39;PM2.5;Baik
09/12/2022;28;63;31;12;6;0;63;PM2.5;Sedang
09/13/2022;20;54;30;6;10;0;54;PM2.5;Sedang
09/14/2022;17;53;5;12;13;3;53;PM2.5;Sedang
09/15/2022;16;44;0;9;27;2;44;PM2.5;Baik
09/16/2022;16;35;5;10;30;2;35;PM2.5;Baik
09/17/2022;16;55;28;16;27;3;55;PM2.5;Sedang
09/18/2022;16;48;17;8;20;2;48;PM2.5;Baik
09/19/2022;16;41;0;0;0;0;41;PM2.5;Baik
09/20/2022;16;34;1;1;1;0;34;PM2.5;Baik
09/21/2022;14;44;1;1;1;0;44;PM2.5;Baik
09/22/2022;14;38;0;0;0;0;38;PM2.5;Baik
09/23/2022;15;40;4;3;5;1;40;PM2.5;Baik
09/24/2022;14;41;22;13;26;3;41;PM2.5;Baik
09/25/2022;12;33;16;8;29;2;33;PM2.5;Baik
09/26/2022;12;36;13;7;31;2;36;PM2.5;Baik
09/27/2022;12;35;15;10;29;2;35;PM2.5;Baik
09/28/2022;15;44;15;11;27;3;44;PM2.5;Baik
09/29/2022;14;40;14;10;27;2;40;PM2.5;Baik
09/30/2022;13;46;13;10;22;3;46;PM2.5;Baik
10/01/2022;11;41;1;1;1;0;41;PM2.5;Baik
10/02/2022;11;39;0;0;0;0;39;PM2.5;Baik
10/03/2022;10;22;3;2;3;1;22;PM2.5;Baik
10/04/2022;2;2;18;13;20;3;20;O3;Baik
10/05/2022;1;0;20;15;21;3;21;O3;Baik
10/06/2022;1;0;20;14;21;2;21;O3;Baik
10/07/2022;2;0;18;14;18;2;18;O3;Baik
10/08/2022;6;0;3;3;3;0;6;PM10;Baik
10/09/2022;7;0;0;0;0;0;7;PM10;Baik
10/10/2022;9;0;3;3;2;0;9;PM10;Baik
10/11/2022;12;0;16;12;11;2;16;SO2;Baik
10/12/2022;12;0;16;14;14;3;16;SO2;Baik
10/13/2022;9;0;13;11;18;2;18;O3;Baik
10/14/2022;8;0;13;13;17;3;17;O3;Baik
10/15/2022;8;0;15;13;16;2;16;O3;Baik
10/16/2022;12;0;20;16;15;2;20;SO2;Baik
10/17/2022;8;0;16;9;19;1;19;O3;Baik
10/18/2022;9;0;20;18;15;3;20;SO2;Baik
10/19/2022;15;0;27;23;9;3;27;SO2;Baik
10/20/2022;9;0;5;5;2;2;9;PM10;Baik
10/21/2022;6;0;4;5;3;4;6;PM10;Baik
10/22/2022;4;0;2;3;2;2;4;PM10;Baik
10/23/2022;16;0;18;12;17;9;18;SO2;Baik
10/24/2022;11;0;14;9;19;8;19;O3;Baik
10/25/2022;6;0;13;10;19;8;19;O3;Baik
10/26/2022;5;0;14;11;17;8;17;O3;Baik
10/27/2022;5;0;11;10;18;8;18;O3;Baik
10/28/2022;12;0;14;13;19;9;19;O3;Baik
10/29/2022;16;0;17;17;17;11;17;O3;Baik
10/30/2022;12;0;10;11;16;10;16;O3;Baik
10/31/2022;10;0;9;10;18;10;18;O3;Baik
11/01/2022;9;0;9;11;16;10;16;O3;Baik
11/02/2022;11;0;4;5;5;3;11;PM10;Baik
11/03/2022;14;0;13;11;16;9;16;O3;Baik
11/04/2022;14;0;16;15;18;10;18;O3;Baik
11/05/2022;12;0;10;10;15;9;15;O3;Baik
11/06/2022;9;0;1;1;1;1;9;PM10;Baik
11/07/2022;9;0;0;0;0;0;9;PM10;Baik
11/08/2022;6;0;0;0;0;0;6;PM10;Baik
11/09/2022;20;0;28;30;8;12;30;CO;Baik
11/10/2022;23;0;27;25;8;11;27;SO2;Baik
11/11/2022;NaN;NaN;NaN;NaN;NaN;NaN;NaN;NaN;NaN
11/12/2022;16;0;15;19;8;11;19;CO;Baik
11/13/2022;13;0;18;19;11;12;19;CO;Baik
11/14/2022;NaN;NaN;NaN;NaN;NaN;NaN;NaN;NaN;NaN
11/15/2022;16;0;16;20;9;11;20;CO;Baik
11/16/2022;13;0;12;16;9;12;16;CO;Baik
11/17/2022;21;0;32;29;9;13;32;SO2;Baik
11/18/2022;NaN;NaN;NaN;NaN;NaN;NaN;NaN;NaN;NaN
11/19/2022;NaN;NaN;NaN;NaN;NaN;NaN;NaN;NaN;NaN
11/20/2022;NaN;NaN;NaN;NaN;NaN;NaN;NaN;NaN;NaN
11/21/2022;9;0;11;9;14;8;14;O3;Baik
11/22/2022;11;0;10;11;8;8;11;CO;Baik
11/23/2022;11;0;17;15;9;7;17;SO2;Baik
11/24/2022;9;0;18;13;10;7;18;SO2;Baik
11/25/2022;14;5;26;17;12;9;26;SO2;Baik
11/26/2022;19;50;48;18;23;10;50;PM2.5;Baik
11/27/2022;10;36;44;11;24;14;44;SO2;Baik
11/28/2022;8;28;25;11;15;29;29;NO2;Baik
11/29/2022;11;41;28;18;19;30;41;PM2.5;Baik
11/30/2022;7;25;22;13;20;27;27;NO2;Baik
12/01/2022;9;32;33;27;16;27;33;SO2;Baik
12/02/2022;13;48;29;22;21;28;48;PM2.5;Baik
12/03/2022;13;47;27;19;22;29;47;PM2.5;Baik
12/04/2022;14;47;32;26;19;29;47;PM2.5;Baik
12/05/2022;17;54;32;25;18;30;54;PM2.5;Sedang
12/06/2022;18;56;26;25;15;33;56;PM2.5;Sedang
12/07/2022;25;64;37;33;21;35;64;PM2.5;Sedang
12/08/2022;19;57;26;23;26;35;57;PM2.5;Sedang
12/09/2022;22;61;25;24;28;37;61;PM2.5;Sedang
12/10/2022;18;56;25;22;26;35;56;PM2.5;Sedang
12/11/2022;14;50;25;21;23;33;50;PM2.5;Baik
12/12/2022;12;42;14;13;21;33;42;PM2.5;Baik
12/13/2022;11;40;11;12;12;31;40;PM2.5;Baik
12/14/2022;15;50;21;23;24;34;50;PM2.5;Sedang
12/15/2022;14;50;25;25;22;34;50;PM2.5;Baik
12/16/2022;11;42;21;19;24;34;42;PM2.5;Baik
12/17/2022;14;51;29;26;20;33;51;PM2.5;Sedang
12/18/2022;14;50;22;19;24;32;50;PM2.5;Baik
12/19/2022;17;54;24;21;23;31;54;PM2.5;Sedang
12/20/2022;22;61;23;21;22;33;61;PM2.5;Sedang
12/21/2022;NaN;NaN;NaN;NaN;NaN;NaN;NaN;NaN;NaN
12/22/2022;9;35;18;14;30;38;38;NO2;Baik
12/23/2022;7;27;16;16;23;38;38;NO2;Baik
12/24/2022;12;43;15;17;23;40;43;PM2.5;Baik
12/25/2022;17;54;16;19;26;42;54;PM2.5;Sedang
12/26/2022;18;56;19;22;21;40;56;PM2.5;Sedang
12/27/2022;12;43;22;23;13;36;43;PM2.5;Baik
12/28/2022;13;49;24;23;14;37;49;PM2.5;Baik
12/29/2022;NaN;NaN;NaN;NaN;NaN;NaN;NaN;NaN;NaN
12/30/2022;26;67;24;21;1;40;67;PM2.5;Sedang
12/31/2022;27;69;18;16;3;41;69;PM2.5;Sedang
